Isolate,Mutation,BAPS
DW055,A644T,5
DW312,A644T,5
DW383,A644T,6
DW033 ,A742G,2
DW112,A742G,2
DW133,A742G,2
DW172,A742G,2
DW268,A742G,2
DW269,A742G,2
DW272,A742G,2
DW285,A742G,2
DW313,A742G,2
DW334,A742G,2
DW354,A742G,2
DW366,A742G,2
DW372,A742G,2
DW375,A742G,2
DW379,A742G,2
DW380,A742G,2
DW396,A742G,2
DW443,A742G,2
DW449,A742G,2
DW460,A742G,2
M6713,A742G,2
DW013 ,C1435T,1
DW043 ,C1435T,4
DW058,C1435T,4
DW065 ,C1435T,1
DW079,C1435T,1
DW096,C1435T,4
DW108,C1435T,4
DW119 ,C1435T,4
DW128 ,C1435T,5
DW140,C1435T,1
DW141,C1435T,4
DW148 ,C1435T,4
DW153,C1435T,4
DW155,C1435T,4
DW167,C1435T,1
DW170,C1435T,4
DW271,C1435T,2
DW273,C1435T,4
DW277,C1435T,6
DW279,C1435T,4
DW281,C1435T,4
DW284,C1435T,5
DW286,C1435T,4
DW289,C1435T,1
DW299,C1435T,4
DW301,C1435T,4
DW304,C1435T,1
DW305,C1435T,5
DW307,C1435T,4
DW308,C1435T,4
DW309,C1435T,4
DW316,C1435T,4
DW318,C1435T,6
DW322,C1435T,4
DW325,C1435T,4
DW331,C1435T,4
DW337,C1435T,5
DW339,C1435T,4
DW345,C1435T,5
DW346,C1435T,4
DW347,C1435T,4
DW349,C1435T,4
DW351,C1435T,4
DW353,C1435T,4
DW355,C1435T,4
DW359,C1435T,4
DW365,C1435T,4
DW368,C1435T,1
DW370,C1435T,4
DW373,C1435T,2
DW376,C1435T,4
DW382,C1435T,1
DW384,C1435T,4
DW389,C1435T,1
DW392,C1435T,4
DW397,C1435T,4
DW398,C1435T,1
DW401,C1435T,4
DW409,C1435T,5
DW410,C1435T,4
DW414,C1435T,4
DW415,C1435T,4
DW418,C1435T,4
DW425,C1435T,4
DW427,C1435T,4
DW429,C1435T,1
DW433,C1435T,6
DW436,C1435T,1
DW438,C1435T,4
DW440,C1435T,4
DW448,C1435T,4
DW452,C1435T,1
DW456,C1435T,4
DW462,C1435T,4
DW481,C1435T,1
DW482,C1435T,6
DW484,C1435T,4
DW485,C1435T,4
DW487,C1435T,4
DW493,C1435T,4
M2321,C1435T,5
M2341,C1435T,5
M6283,C1435T,1
M6285,C1435T,1
M6489,C1435T,4
M6593,C1435T,5
M6604,C1435T,1
DW041 ,C1435T_Dual,4
DW081 ,C1435T_Dual,6
DW293,C1435T_Dual,6
DW295,C1435T_Dual,6
DW296,C1435T_Dual,6
DW310,C1435T_Dual,6
DW329,C1435T_Dual,4
DW356,C1435T_Dual,6
DW374,C1435T_Dual,4
DW390,C1435T_Dual,4
DW391,C1435T_Dual,4
DW413,C1435T_Dual,4
DW441,C1435T_Dual,6
DW444,C1435T_Dual,4
DW451,C1435T_Dual,4
DW463,C1435T_Dual,4
DW488,C1435T_Dual,1
DW489,C1435T_Dual,6
M6286,C1435T_Dual,1
M6711,C1435T_Dual,1
DW121 ,C462T,3
DW278,C462T,3
DW283,C462T,3
DW287,C462T,3
DW311,C462T,3
DW320,C462T,3
DW321,C462T,3
DW326,C462T,3
DW332,C462T,3
DW336,C462T,3
DW344,C462T,3
DW361,C462T,3
DW420,C462T,3
DW430,C462T,3
DW458,C462T,3
DW330,Other,2
DW341,Other,2
DW446,Other,2
DW464,Other,2
DW486,Other,2
DW088 ,Other,5
DW097,Other,5
DW098 ,Other,1
DW124 ,Other,5
DW166,Other,1
M2282,Other,5
M30,Other,5
M6280,Other,1
M6282,Other,1
M6303,Other,5
M6320,Other,1
DW027,Other,1
DW342,Other,1
DW369,Other,1
DW039 ,WT,3
DW047 ,WT,5
DW050,WT,1
DW077 ,WT,5
DW085 ,WT,5
DW100 ,WT,3
DW123 ,WT,5
DW129 ,WT,3
DW131 ,WT,5
DW266,WT,5
DW270,WT,2
DW276,WT,3
DW282,WT,5
DW290,WT,5
DW292,WT,2
DW303,WT,5
DW315,WT,5
DW360,WT,5
DW371,WT,5
DW377,WT,5
DW381,WT,5
DW385,WT,5
DW386,WT,5
DW387,WT,2
DW388,WT,5
DW394,WT,1
DW395,WT,5
DW402,WT,3
DW405,WT,2
DW419,WT,5
DW423,WT,3
DW428,WT,2
DW432,WT,5
DW434,WT,5
DW435,WT,5
DW439,WT,5
DW442,WT,5
DW450,WT,5
DW454,WT,3
DW483,WT,5
M2300,WT,5
M6090,WT,5
M6151,WT,5
M6257,WT,5
M6270,WT,5
M6284,WT,5
M6312,WT,5
M6327,WT,5
M6328,WT,5
M6475,WT,5
R32G,WT,5
TW10-5G,WT,5
TW10-6G,WT,5
TW48-5G,WT,5
UTMB-10G,WT,5